,KEW.PS-3/BAKERI/1,AIS BATU,
,KEW.PS-3/BAKERI/2,AISKRIM VANILLA,1
,KEW.PS-3/BAKERI/3,AISKRIM COKLAT,1
,KEW.PS-3/BAKERI/4,AISKRIM RAINBOW,
,KEW.PS-3/BAKERI/5,AYAM,1
,KEW.PS-3/BAKERI/6,AYAM KISAR,1
,KEW.PS-3/BAKERI/7,AYAM TIGHT,
,KEW.PS-3/BAKERI/8,AYAM (DADA/ISI),1
,KEW.PS-3/BAKERI/9,AYAM (CHICKEN HAM),1
,KEW.PS-3/BAKERI/10,AYAM (CHICKEN SALAMI),1
,KEW.PS-3/BAKERI/11,AIR KAPUR,
,KEW.PS-3/BAKERI/12,AIR MAWAR,
,KEW.PS-3/BAKERI/13,ASAM JAWA,
,KEW.PS-3/BAKERI/14,ASAM KEPING,
,KEW.PS-3/BAKERI/15,APPLE CIDER,
,KEW.PS-3/BAKERI/16,AGAR-AGAR TALI,1
,KEW.PS-3/BAKERI/17,AGAR-AGAR SERBUK,1
,KEW.PS-3/BAKERI/18,BAWANG MERAH BESAR,1
,KEW.PS-3/BAKERI/19,BAWANG KECIL,1
,KEW.PS-3/BAKERI/20,BAWANG PUTIH,1
,KEW.PS-3/BAKERI/21,BAWANG HOLLAND,1
,KEW.PS-3/BAKERI/22,BUAH ANGGUR HITAM,1
,KEW.PS-3/BAKERI/23,BUAH ANGGUR HIJAU,1
,KEW.PS-3/BAKERI/24,BUAH ANGGUR MERAH,1
,KEW.PS-3/BAKERI/25,BUAH EPAL HIJAU,1
,KEW.PS-3/BAKERI/26,BUAH EPAL MERAH,1
,KEW.PS-3/BAKERI/27,BUAH LAI,
,KEW.PS-3/BAKERI/28,BUAH PEAR,
,KEW.PS-3/BAKERI/29,BUAH KIWI,1
,KEW.PS-3/BAKERI/30,BUAH LEMON,1
,KEW.PS-3/BAKERI/31,BUAH LIMAU KASTURI,1
,KEW.PS-3/BAKERI/32,BUAH LIMAU NIPIS,1
,KEW.PS-3/BAKERI/33,BUAH LIMAU MANDARIN,
,KEW.PS-3/BAKERI/34,BUAH STRAWBERRY,1
,KEW.PS-3/BAKERI/35,BUAH BLUEBERRY,1
,KEW.PS-3/BAKERI/36,BUAH CERI MERAH,1
,KEW.PS-3/BAKERI/37,BUAH NENAS,
,KEW.PS-3/BAKERI/38,BUAH PISANG,
,KEW.PS-3/BAKERI/39,BUAH TEMBIKAI,
,KEW.PS-3/BAKERI/40,BUAH BELIMBING BULUH,
,KEW.PS-3/BAKERI/41,BUAH BELIMBING BESI,
,KEW.PS-3/BAKERI/42,BUAH JAGUNG,
,KEW.PS-3/BAKERI/43,BUAH BETIK,
,KEW.PS-3/BAKERI/44,BUAH MENGKUDU,
,KEW.PS-3/BAKERI/45,BUAH ZAITON,
,KEW.PS-3/BAKERI/46,BUAH NAGA,1
,KEW.PS-3/BAKERI/47,BUAH NANGKA,
,KEW.PS-3/BAKERI/48,BUAH CEMPEDAK,
,KEW.PS-3/BAKERI/49,BUAH DURIAN,
,KEW.PS-3/BAKERI/50,BUAH PEACH,1
,KEW.PS-3/BAKERI/51,BUAH MANGGIS,
,KEW.PS-3/BAKERI/52,BUAH MANGGA,1
,KEW.PS-3/BAKERI/53,BUAH MANGGA SUSU,1
,KEW.PS-3/BAKERI/54,BUAH DELIMA,
,KEW.PS-3/BAKERI/55,BUAH TOMATO,1
,KEW.PS-3/BAKERI/56,BUAH LABU,
,KEW.PS-3/BAKERI/57,BUAH AVOCADO,1
,KEW.PS-3/BAKERI/58,BAKERI - BADAM BIJI,1
,KEW.PS-3/BAKERI/59,BAKERI - BADAM CINICANG (NIB),1
,KEW.PS-3/BAKERI/60,BAKERI - BADAM HIRIS ,1
,KEW.PS-3/BAKERI/61,BADAM KEPING (SLICE),1
,KEW.PS-3/BAKERI/62,BAKERI - BADAM SERBUK ,1
,KEW.PS-3/BAKERI/63,BAKERI - BAKING POWDER,1
,KEW.PS-3/BAKERI/64,BAKERI - BREAD IMPROVER,1
,KEW.PS-3/BAKERI/65,BAKERI – SODA BIKARBONAT,1
,KEW.PS-3/BAKERI/66,BAKERI – YIS SEGERA,1
,KEW.PS-3/BAKERI/67,BAKERI – SHORTHENING,1
,KEW.PS-3/BAKERI/68,BAKERI – ESEN VANILLA ,1
,KEW.PS-3/BAKERI/69,BAKERI – ESEN ALMOND,1
,KEW.PS-3/BAKERI/70,BAKERI – ESEN STRAWBERRY,1
,KEW.PS-3/BAKERI/71,BAKERI – EMULCO COKLAT,1
,KEW.PS-3/BAKERI/72,BAKERI – EMULCO LEMON,1
,KEW.PS-3/BAKERI/73,BAKERI – EMULCO OREN,1
,KEW.PS-3/BAKERI/74,BAKERI – EMULCO PANDAN,1
,KEW.PS-3/BAKERI/75,BERAS ,
,KEW.PS-3/BAKERI/76,BERAS PERANG,
,KEW.PS-3/BAKERI/77,BERAS PULUT,
,KEW.PS-3/BAKERI/78,BAKERI - BUBBLE RICE,
,KEW.PS-3/BAKERI/79,BELACAN,
,KEW.PS-3/BAKERI/80,BIJAN PUTIH,1
,KEW.PS-3/BAKERI/81,BIJAN HITAM,1
,KEW.PS-3/BAKERI/82,BIJI SAGU,
,KEW.PS-3/BAKERI/83,BIJI SELASIH,
,KEW.PS-3/BAKERI/84,BIJI LADA HITAM,
,KEW.PS-3/BAKERI/85,BIJI KETUMBAR,
,KEW.PS-3/BAKERI/86,BARLI,
,KEW.PS-3/BAKERI/87,BISKUT MARIE,1
,KEW.PS-3/BAKERI/88,BISKUT OREO,1
,KEW.PS-3/BAKERI/89,BISKUT OREO (CRUMB),1
,KEW.PS-3/BAKERI/90,BISKUT CREAM CRACKER,1
,KEW.PS-3/BAKERI/91,BISKUT LADY FINGER,1
,KEW.PS-3/BAKERI/92,BREAD CRUMB / SERBUK ROTI,1
,KEW.PS-3/BAKERI/93,BUTTERCUP (TONG),1
,KEW.PS-3/BAKERI/94,BUTTERCUP (BLOK),1
,KEW.PS-3/BAKERI/95,BUTTER (SALTED),1
,KEW.PS-3/BAKERI/96,BUTTER (UNSALTED),1
,KEW.PS-3/BAKERI/97,BUTTERMILK,1
,KEW.PS-3/BAKERI/98,BUTTER SHEET,1
,KEW.PS-3/BAKERI/99,BAKERI – MARJERIN PASTRY,1
,KEW.PS-3/BAKERI/100,BAKERI – MARJERIN,1
,KEW.PS-3/BAKERI/101,BAKERI – OVALETE,1
,KEW.PS-3/BAKERI/102,BAKERI – JEM STRAWBERRY,1
,KEW.PS-3/BAKERI/103,BAKERI – JEM BLUEBERRY,1
,KEW.PS-3/BAKERI/104,BAKERI – JEM NENAS,1
,KEW.PS-3/BAKERI/105,BAKERI – JEM APRIKOT,1
,KEW.PS-3/BAKERI/106,BAKERI – KAYA,1
,KEW.PS-3/BAKERI/107,BAKERI – COKLAT SPREAD,1
,KEW.PS-3/BAKERI/108,BAKERI – PEANUT SPREAD,1
,KEW.PS-3/BAKERI/109,BAKERI – INTI KACANG MERAH,1
,KEW.PS-3/BAKERI/110,BAKERI – FILLING COKLAT,1
,KEW.PS-3/BAKERI/111,BAKERI – FILLING STRAWBERRY,1
,KEW.PS-3/BAKERI/112,BAKERI – FILLING BLUEBERRY,1
,KEW.PS-3/BAKERI/113,BAKERI – INTI PANDAN LOTUS/DOUYONG,1
,KEW.PS-3/BAKERI/114,BAKERI – EDIBLE GOLD DUST,1
,KEW.PS-3/BAKERI/115,BAKERI – FONDANT ,1
,KEW.PS-3/BAKERI/116,BAKERI – DUMPLING PASTRY,
,KEW.PS-3/BAKERI/117,BAKERI – TOPPUFF PASTRY MARGARINE,1
,KEW.PS-3/BAKERI/118,BAKERI – KULIT POPIA,1
,KEW.PS-3/BAKERI/119,BAKERI – TORTILLA WRAP,1
,KEW.PS-3/BAKERI/120,CREAM CHEESE,1
,KEW.PS-3/BAKERI/121,CHEESE SLICE(KEPING),1
,KEW.PS-3/BAKERI/122,CHEESE (BLOK),1
,KEW.PS-3/BAKERI/123,CHEESE MOZARELLA (BLOK),1
,KEW.PS-3/BAKERI/124,CHEESE SHREDDED ,1
,KEW.PS-3/BAKERI/125,CHEESE POWDER,1
,KEW.PS-3/BAKERI/126,CHEESE PARMESAN,1
,KEW.PS-3/BAKERI/127,CHEESE MARCAPONE,
,KEW.PS-3/BAKERI/128,CREAMWELL,1
,KEW.PS-3/BAKERI/129,CONFLAKES,1
,KEW.PS-3/BAKERI/130,CINCAU,1
,KEW.PS-3/BAKERI/131,CILI BOH/CILI GILING,1
,KEW.PS-3/BAKERI/132,CILI KERING,1
,KEW.PS-3/BAKERI/133,CUKA,1
,KEW.PS-3/BAKERI/134,CREAM OF TARTAR,1
,KEW.PS-3/BAKERI/135,CORN SYRUP,1
,KEW.PS-3/BAKERI/136,CHOKI-CHOKI,1
,KEW.PS-3/BAKERI/137,CADBURY,1
,KEW.PS-3/BAKERI/138,COKLAT – KINDER BUENO,1
,KEW.PS-3/BAKERI/139,COKLAT (DARK),1
,KEW.PS-3/BAKERI/140,COKLAT (MILK),1
,KEW.PS-3/BAKERI/141,COKLAT (WHITE),1
,KEW.PS-3/BAKERI/142,CHOCOLATE CHIP,1
,KEW.PS-3/BAKERI/143,CHOCOLATE RICE,1
,KEW.PS-3/BAKERI/144,COLOUR RICE,1
,KEW.PS-3/BAKERI/145,DAGING - KISAR,1
,KEW.PS-3/BAKERI/146,DAGING - BURGER,1
,KEW.PS-3/BAKERI/147,DAGING - HAM,1
,KEW.PS-3/BAKERI/148,DAGING BEBOLA - (MEATBALL),1
,KEW.PS-3/BAKERI/149,DAGING – BEEF PEPPERONI ,1
,KEW.PS-3/BAKERI/150,DAGING – BEEF SALAMI,1
,KEW.PS-3/BAKERI/151,DAUN BAWANG ,1
,KEW.PS-3/BAKERI/152,DAUN SUP ,1
,KEW.PS-3/BAKERI/153,DAUN KETUMBAR,
,KEW.PS-3/BAKERI/154,DAUN KUNYIT,1
,KEW.PS-3/BAKERI/155,DAUN LIMAU PURUT,1
,KEW.PS-3/BAKERI/156,DAUN KARI,1
,KEW.PS-3/BAKERI/157,DAUN PANDAN,1
,KEW.PS-3/BAKERI/158,DAUN PISANG,1
,KEW.PS-3/BAKERI/159,DAUN PUDINA,1
,KEW.PS-3/BAKERI/160,DAUN PARSLEY FRESH,1
,KEW.PS-3/BAKERI/161,DAUN ROSEMARY FRESH,1
,KEW.PS-3/BAKERI/162,DAUN PEGAGA,
,KEW.PS-3/BAKERI/163,DAUN KESUM,
,KEW.PS-3/BAKERI/164,DAUN BASIL,1
,KEW.PS-3/BAKERI/165,DAUN SIREH,
,KEW.PS-3/BAKERI/166,DAUN KADUK,
,KEW.PS-3/BAKERI/167,FRESH – IKAN KEMBUNG ,
,KEW.PS-3/BAKERI/168,FRESH – ISI IKAN DORI,
,KEW.PS-3/BAKERI/169,FRESH – IKAN SARDIN,
,KEW.PS-3/BAKERI/170,FROZEN - WEDGES,1
,KEW.PS-3/BAKERI/171,FROZEN – FRENCH FRIES,1
,KEW.PS-3/BAKERI/172,GAJUS,1
,KEW.PS-3/BAKERI/173,GARAM,1
,KEW.PS-3/BAKERI/174,GULA PASIR KASAR,1
,KEW.PS-3/BAKERI/175,GULA HALUS,1
,KEW.PS-3/BAKERI/176,GULA KASTOR/CASTOR SUGAR,1
,KEW.PS-3/BAKERI/177,GULA AISING,1
,KEW.PS-3/BAKERI/178,GULA MERAH,1
,KEW.PS-3/BAKERI/179,GULA MELAKA,1
,KEW.PS-3/BAKERI/180,GULA PERANG,1
,KEW.PS-3/BAKERI/181,HALIA,1
,KEW.PS-3/BAKERI/182,HORLICKS,1
,KEW.PS-3/BAKERI/183,INSTANT TART SHELL,1
,KEW.PS-3/BAKERI/184,INDOCAFE,1
,KEW.PS-3/BAKERI/185,KOPI,1
,KEW.PS-3/BAKERI/186,KACANG TANAH,1
,KEW.PS-3/BAKERI/187,KACANG HIJAU,1
,KEW.PS-3/BAKERI/188,KACANG MERAH,1
,KEW.PS-3/BAKERI/189,KACANG DAL/DHAL,1
,KEW.PS-3/BAKERI/190,KACANG KUDA,1
,KEW.PS-3/BAKERI/191,KACANG GAJUS,1
,KEW.PS-3/BAKERI/192,KACANG HAZELNUT,1
,KEW.PS-3/BAKERI/193,KACANG SOYA,1
,KEW.PS-3/BAKERI/194,KUACI PUTIH,1
,KEW.PS-3/BAKERI/195,KUACI HIJAU (PUMPKIN SEED),1
,KEW.PS-3/BAKERI/196,KRANBERI KERING,1
,KEW.PS-3/BAKERI/197,KURMA,1
,KEW.PS-3/BAKERI/198,KISMIS KUNING,1
,KEW.PS-3/BAKERI/199,KISMIS HITAM,1
,KEW.PS-3/BAKERI/200,KEK MARBLE (BIJI),1
,KEW.PS-3/BAKERI/201,KRIM – WHIPPING CREAM,1
,KEW.PS-3/BAKERI/202,KRIM – WHIPPING CREAM (NON DAIRY) ,1
,KEW.PS-3/BAKERI/203,KRIM – YOGURT,1
,KEW.PS-3/BAKERI/204,KICAP PEKAT,1
,KEW.PS-3/BAKERI/205,KELAPA KERING,1
,KEW.PS-3/BAKERI/206,KELAPA PARUT,1
,KEW.PS-3/BAKERI/207,KULIT WANTAN,1
,KEW.PS-3/BAKERI/208,LIMA BEAN – KACANG LIMA,1
,KEW.PS-3/BAKERI/209,MILO,1
,KEW.PS-3/BAKERI/210,MADU,1
,KEW.PS-3/BAKERI/211,MALT SYRUP,1
,KEW.PS-3/BAKERI/212,MAYONIS,1
,KEW.PS-3/BAKERI/213,MAGGI,1
,KEW.PS-3/BAKERI/214,MINYAK MASAK,1
,KEW.PS-3/BAKERI/215,MINYAK ZAITUN,1
,KEW.PS-3/BAKERI/216,MINYAK SAPI,1
,KEW.PS-3/BAKERI/217,MINYAK JAGUNG,1
,KEW.PS-3/BAKERI/218,MINYAK MAZOLA,1
,KEW.PS-3/BAKERI/219,MINYAK BIJAN,1
,KEW.PS-3/BAKERI/220,MINUMAN – A&W ROOTBEER,
,KEW.PS-3/BAKERI/221,MINUMAN – AIR SODA,
,KEW.PS-3/BAKERI/222,MINUMAN – 7UP,
,KEW.PS-3/BAKERI/223,MINUMAN – STRAWBERRY,
,KEW.PS-3/BAKERI/224,MINUMAN – KORDIAL OREN,1
,KEW.PS-3/BAKERI/225,MINUMAN – KORDIAL MANGGA,1
,KEW.PS-3/BAKERI/226,MINUMAN – ORANGE SUNQUICK,1
,KEW.PS-3/BAKERI/227,MINUMAN – FANTA ANGGUR,
,KEW.PS-3/BAKERI/228,NESCAFE,
,KEW.PS-3/BAKERI/229,NESTUM,1
,KEW.PS-3/BAKERI/230,NATA DE COCO,1
,KEW.PS-3/BAKERI/231,NUTELLA,1
,KEW.PS-3/BAKERI/232,OAT INTANTS,1
,KEW.PS-3/BAKERI/233,OAT KASAR,1
,KEW.PS-3/BAKERI/234,PAN OLA CANOLA,1
,KEW.PS-3/BAKERI/235,PULUT PUTIH,1
,KEW.PS-3/BAKERI/236,PULUT HITAM,1
,KEW.PS-3/BAKERI/237,POP CORN,1
,KEW.PS-3/BAKERI/238,PISTACHIO,1
,KEW.PS-3/BAKERI/239,PEWARNA MERAH,1
,KEW.PS-3/BAKERI/240,PEWARNA PINK,1
,KEW.PS-3/BAKERI/241,PEWARNA HIJAU,1
,KEW.PS-3/BAKERI/242,PEWARNA UNGU,1
,KEW.PS-3/BAKERI/243,PEWARNA KUNING,1
,KEW.PS-3/BAKERI/244,PEWARNA BIRU,1
,KEW.PS-3/BAKERI/245,PEWARNA HITAM,1
,KEW.PS-3/BAKERI/246,PERISA OREN,1
,KEW.PS-3/BAKERI/247,PERISA LAICI,1
,KEW.PS-3/BAKERI/248,PERISA HONEY DEW,1
,KEW.PS-3/BAKERI/249,PERISA COFFE ,1
,KEW.PS-3/BAKERI/250,PERISA PISANG,1
,KEW.PS-3/BAKERI/251,PERISA STRAWBERRY,1
,KEW.PS-3/BAKERI/252,PERISA MINT,1
,KEW.PS-3/BAKERI/253,ROTI GARDENIA,1
,KEW.PS-3/BAKERI/254,ROTI WHOLEMEAL,1
,KEW.PS-3/BAKERI/255,ROTI PERANCIS,1
,KEW.PS-3/BAKERI/256,REMPAH - BUNGA LAWANG,1
,KEW.PS-3/BAKERI/257,REMPAH - BUNGA CENGKIH,1
,KEW.PS-3/BAKERI/258,REMPAH - BUAH PELAGA,1
,KEW.PS-3/BAKERI/259,REMPAH – KAYU MANIS,1
,KEW.PS-3/BAKERI/260,REMPAH – JINTAN MANIS,1
,KEW.PS-3/BAKERI/261,REMPAH – JINTAN PUTIH,1
,KEW.PS-3/BAKERI/262,SERBUK KOKO,1
,KEW.PS-3/BAKERI/263,SUSU PEKAT,1
,KEW.PS-3/BAKERI/264,SUSU CAIR / SEJAT,1
,KEW.PS-3/BAKERI/265,SUSU UHT (FULL CREAM),1
,KEW.PS-3/BAKERI/266,SUSU SEGAR (FRESH MILK),1
,KEW.PS-3/BAKERI/267,SANTAN KOTAK,1
,KEW.PS-3/BAKERI/268,SANTAN SERBUK,
,KEW.PS-3/BAKERI/269,SOS CILI,1
,KEW.PS-3/BAKERI/270,SOS TOMATO,1
,KEW.PS-3/BAKERI/271,SOS THAI,
,KEW.PS-3/BAKERI/272,SOS LADA HITAM (BLACKPAPER),1
,KEW.PS-3/BAKERI/273,SOS TIRAM,1
,KEW.PS-3/BAKERI/274,SOS PASTA (TRADISIONAL),1
,KEW.PS-3/BAKERI/275,SOS PASTA (CHEESE),1
,KEW.PS-3/BAKERI/276,SOS THOUSAND ISLAND,1
,KEW.PS-3/BAKERI/277,SERBUK JELLY,1
,KEW.PS-3/BAKERI/278,SERBUK PUDDING,1
,KEW.PS-3/BAKERI/279,SERBUK GREEN TEA,1
,KEW.PS-3/BAKERI/280,SERBUK PERASA/SECUKUP RASA,1
,KEW.PS-3/BAKERI/281,SERBUK KUNYIT,
,KEW.PS-3/BAKERI/282,SERBUK KULIT KAYU MANIS/CINNAMON POWDER,1
,KEW.PS-3/BAKERI/283,SERBUK KARI ,1
,KEW.PS-3/BAKERI/284,SERBUK LADA HITAM,1
,KEW.PS-3/BAKERI/285,SERBUK LADA SULAH,1
,KEW.PS-3/BAKERI/286,SERBUK JINTAN MANIS,1
,KEW.PS-3/BAKERI/287,SERBUK JINTAN PUTIH,1
,KEW.PS-3/BAKERI/288,SERBUK HALIA,
,KEW.PS-3/BAKERI/289,SERBUK OREGANO,1
,KEW.PS-3/BAKERI/290,SERBUK PAPRIKA,1
,KEW.PS-3/BAKERI/291,SERBUK ALL SPICE/MIX SPICE,1
,KEW.PS-3/BAKERI/292,SALTED EGG POWDER,1
,KEW.PS-3/BAKERI/293,SPAGHETI,1
,KEW.PS-3/BAKERI/294,SWISSROLL KEK,1
,KEW.PS-3/BAKERI/295,SERAI,1
,KEW.PS-3/BAKERI/296,SAYUR - CENDAWAN TIRAM,
,KEW.PS-3/BAKERI/297,SAYUR - CENDAWAN INOKI,
,KEW.PS-3/BAKERI/298,SAYUR - CILI BESAR (MERAH/HIJAU),1
,KEW.PS-3/BAKERI/299,SAYUR - CILI PADI,
,KEW.PS-3/BAKERI/300,SAYUR - CILI BANGGALA HIJAU CAPSICUM,1
,KEW.PS-3/BAKERI/301,SAYUR - CILI BANGGALA MERAH,1
,KEW.PS-3/BAKERI/302,SAYUR – CILI BANGGALA KUNING,1
,KEW.PS-3/BAKERI/303,SAYUR – SALAD BULAT,1
,KEW.PS-3/BAKERI/304,SAYUR – SALAD GREEN CORAL (KERINTING),1
,KEW.PS-3/BAKERI/305,SAYUR – KUBIS BULAT,1
,KEW.PS-3/BAKERI/306,SAYUR – KUBIS BUNGA ,1
,KEW.PS-3/BAKERI/307,SAYUR – BROKOLI,1
,KEW.PS-3/BAKERI/308,SAYUR – KELADI,1
,KEW.PS-3/BAKERI/309,SAYUR – KELEDEK,1
,KEW.PS-3/BAKERI/310,SAYUR – LOBAK MERAH,1
,KEW.PS-3/BAKERI/311,SAYUR – LOBAK PUTIH,
,KEW.PS-3/BAKERI/312,SAYUR – SENGKUANG,1
,KEW.PS-3/BAKERI/313,SAYUR – KENTANG,1
,KEW.PS-3/BAKERI/314,SAYUR - TIMUN,
,KEW.PS-3/BAKERI/315,SAYUR – KACANG BOTOL,
,KEW.PS-3/BAKERI/316,SAYUR – PERIA KATAK,1
,KEW.PS-3/BAKERI/317,SAYUR – PERIA,1
,KEW.PS-3/BAKERI/318,SAYUR – PUCUK PAKU,1
,KEW.PS-3/BAKERI/319,SAYUR – ULAM RAJA,1
,KEW.PS-3/BAKERI/320,SAYUR – PETAI,1
,KEW.PS-3/BAKERI/321,SAYUR – JERING,1
,KEW.PS-3/BAKERI/322,SAYUR – BAYAM ,1
,KEW.PS-3/BAKERI/323,SAYUR – BAYAM MERAH,1
,KEW.PS-3/BAKERI/324,SAYUR – PUCUK UBI,1
,KEW.PS-3/BAKERI/325,SAYUR CAMPURAN (MIX VEGETABLE),1
,KEW.PS-3/BAKERI/326,SOSEJ AYAM,1
,KEW.PS-3/BAKERI/327,SOSEJ DAGING,1
,KEW.PS-3/BAKERI/328,TELUR GRED A,1
,KEW.PS-3/BAKERI/329,TEPUNG GANDUM,1
,KEW.PS-3/BAKERI/330,TEPUNG ROTI,1
,KEW.PS-3/BAKERI/331,TEPUNG NAIK SENDIRI / TEPUNG KEK,1
,KEW.PS-3/BAKERI/332,TEPUNG SPONGE MIX,1
,KEW.PS-3/BAKERI/333,TEPUNG SUPERFINE,1
,KEW.PS-3/BAKERI/334,TEPUNG SUSU,1
,KEW.PS-3/BAKERI/335,TEPUNG JAGUNG,1
,KEW.PS-3/BAKERI/336,TEPUNG KASTARD,1
,KEW.PS-3/BAKERI/337,TEPUNG BERAS,1
,KEW.PS-3/BAKERI/338,TEPUNG PULUT,1
,KEW.PS-3/BAKERI/339,TEPUNG UBI,1
,KEW.PS-3/BAKERI/340,TEPUNG WHOLEMEAL,1
,KEW.PS-3/BAKERI/341,TEPUNG ATTA,1
,KEW.PS-3/BAKERI/342,TEPUNG KACANG KUDA,1
,KEW.PS-3/BAKERI/343,TEPUNG SUJI / SEMOLINA,1
,KEW.PS-3/BAKERI/344,TEPUNG KENTANG,1
,KEW.PS-3/BAKERI/345,TEPUNG BESTARI (SPICY),1
,KEW.PS-3/BAKERI/346,TEPUNG BESTARI (ORIGINAL),1
,KEW.PS-3/BAKERI/347,TIN - NENAS,1
,KEW.PS-3/BAKERI/348,TIN - BUAH PEACH,1
,KEW.PS-3/BAKERI/349,TIN - BUAH LAICI,1
,KEW.PS-3/BAKERI/350,TIN – FRUIT COCTAIL,1
,KEW.PS-3/BAKERI/351,TIN – JAGUNG,1
,KEW.PS-3/BAKERI/352,TIN - CENDAWAN BUTANG,1
,KEW.PS-3/BAKERI/353,TIN - SARDIN,1
,KEW.PS-3/BAKERI/354,TIN – TOMATO PUREE,1
,KEW.PS-3/BAKERI/355,TEH UNCANG,
,KEW.PS-3/BAKERI/356,UDANG KERING,1
,KEW.PS-3/BAKERI/357,UDANG BASAH,1
,KEW.PS-3/BAKERI/358,BAKERI-GELATIN,1
,KEW.PS-3/BAKERI/359,BAKERI-GLISERIN,1
,KEW.PS-3/BAKERI/360,BAKERI-GLUCOSE SYRUP,1
,KEW.PS-3/BAKERI/361,CHICKEN FLOSS,
,KEW.PS-3/BAKERI/362,BUNGA KANTAN ,
,KEW.PS-3/BAKERI/363,AJINOMOTO,
,KEW.PS-3/BAKERI/364,IKAN BILIS ,
,KEW.PS-3/BAKERI/365,KULIT LIMAU KERING ,1
,KEW.PS-3/BAKERI/366,SIRAP ROSE ,1
,KEW.PS-3/BAKERI/367,RAINBOW SPRINKLE ,1
,KEW.PS-3/BAKERI/368,MIX FRUIT ,1
,KEW.PS-3/BAKERI/369,MARSHMELLOW,1
,KEW.PS-3/BAKERI/370,SOS PASTA ( MUSHROOM ),1
,KEW.PS-3/BAKERI/371,MARZIPAN ,1
,KEW.PS-3/BAKERI/372,BAKERI- MANIK ,1
,KEW.PS-3/BAKERI/373,SOS BBQ ,
,KEW.PS-3/BAKERI/374,DAUN PUCUK UBI ,
,KEW.PS-3/BAKERI/375,BAKERI-GOLDEN SYRUP ,1
,KEW.PS-3/BAKERI/376,DRY MINT ,
,KEW.PS-3/BAKERI/377,DRIED FRUIT ,
,KEW.PS-3/BAKERI/378,SERBUK BASIL ,
,KEW.PS-3/BAKERI/379,LAKSA ,
,KEW.PS-3/BAKERI/380,BAKERI-HEAVY CREAM ,1
,KEW.PS-3/BAKERI/381,DAUN MINT ( FRESH ) ,1
,KEW.PS-3/BAKERI/382,TOMATO CERI ,1
,KEW.PS-3/BAKERI/383 ,OREGANO DRIED ,1
,KEW.PS-3/BAKERI/384 ,SERBUK CHEESE NACHOS ,1
,KEW.PS-3/BAKERI/385,UBI CEKUR ,
,KEW.PS-3/BAKERI/386,DAUN CEKUR,
,KEW.PS-3/BAKERI/387,JANTUNG PISANG ,
,KEW.PS-3/BAKERI/388,DAUN PUCUK MANIS ,
,KEW.PS-3/BAKERI/389,SAYUR BENDI ,
,KEW.PS-3/BAKERI/390 ,PUCUK BETIK ,
,KEW.PS-3/BAKERI/391,SOUR CREAM ,1
,KEW.PS-3/BAKERI/392,BAKERI-TEPUNG PASTRI ,
,KEW.PS-3/BAKERI/393,BAKERI-INTI KELADI ,
,KEW.PS-3/BAKERI/394,BAKERI-INSTANT CUP CAKE ,1
,KEW.PS-3/BAKERI/395,BAKERI-HAZELNUT PASTE,1
,KEW.PS-3/BAKERI/396,BAKERI-PEWARNA LEMON,1
,KEW.PS-3/BAKERI/397,BAKERI-PEWARNA GLITER SILVER,1
,KEW.PS-3/BAKERI/398,BAKERI-PEWARNA GLITER GOLDEN,1
,KEW.PS-3/BAKERI/399,BAKERI-PEWARNA COKLAT,1
,KEW.PS-3/BAKERI/400,KIUB PATI IKAN BILIS,
,KEW.PS-3/BAKERI/401,BLACK OLIVE,1
,KEW.PS-3/BAKERI/402,BAKERI-OIL CANDY,1
,KEW.PS-3/BAKERI/403,JUS LEMON,1
,KEW.PS-3/BAKERI/404,BAKERI-FILLING MANGO,1
,KEW.PS-3/BAKERI/405,BAKERI-FILLING RASBERRY,1
,KEW.PS-3/BAKERI/406,BAWANG GORENG,1
,KEW.PS-3/BAKERI/407,BAKERI-COIN CHOCOLATE MILK,1
,KEW.PS-3/BAKERI/408,BAKERI-CHOCOLATE M&M,1
,KEW.PS-3/BAKERI/409,SAYUR- CILI API,
,KEW.PS-3/BAKERI/410,BAKERI-CHEEDAR CHEESE,1
,KEW.PS-3/BAKERI/411,SAYUR-APALENO,
,KEW.PS-3/BAKERI/412,SERBUK BUAH PALA,
,KEW.PS-3/BAKERI/413,BAKERI-BISKUT DIGESTIVE,
,KEW.PS-3/BAKERI/414,BAKERI-FRESH CREAM,
,KEW.PS-3/BAKERI/415,SOS IKAN,
,KEW.PS-3/BAKERI/416,BAKERI-MAPPLE SYRUP,1
,KEW.PS-3/BAKERI/417,KEK-CHIFFON SPONGE BULAT,1
,KEW.PS-3/BAKERI/418,SUHUN,
,KEW.PS-3/BAKERI/419,RICE PAPER,
,KEW.PS-3/BAKERI/420,BAKERI-BISKUT CREAM CRACKER,
,KEW.PS-3/BAKERI/421,CRAB STICK,
,KEW.PS-3/BAKERI/422,SPICY CHICKEN STICK,
,KEW.PS-3/BAKERI/423,BAKERI-GUMPASTE DAIRY RED,
,KEW.PS-3/BAKERI/424,MACARONI,1
,KEW.PS-3/BAKERI/425,ITALIAN SEASONING,1
,KEW.PS-3/BAKERI/426,BAKERI-CHOCOLATE STRAWBERRY FLAVOURED,
,KEW.PS-3/BAKERI/427,SAYUR-TERUNG,
,KEW.PS-3/BAKERI/428,GARLIC POWDER,
,KEW.PS-3/BAKERI/429,ONION POWDER,
,KEW.PS-3/BAKERI/430,DRY PARSLEY,
,KEW.PS-3/BAKERI/431,TUNA,
,KEW.PS-3/BAKERI/432,CHILLI FLAKES,1
,KEW.PS-3/BAKERI/433,SOS PREGO CARBONARA,1
,KEW.PS-3/BAKERI/434,SOS PREGO TRADISIONAL,1
,KEW.PS-3/BAKERI/435,TUNA LIGHT,
,KEW.PS-3/BAKERI/436,SAYUR-DAUN SELOM,
,KEW.PS-3/BAKERI/437,CHIA SEED,
,KEW.PS-3/BAKERI/438,SWEET CORN,
,KEW.PS-3/BAKERI/439,HALBA,
,KEW.PS-3/BAKERI/440,KORDIAL ASAM BOI,
,KEW.PS-3/BAKERI/441,PES KURMA,
,KEW.PS-3/BAKERI/442,KIUB PATI AYAM,
,KEW.PS-3/BAKERI/443,ASAM BOI MERAH,
,KEW.PS-3/BAKERI/444,SOS PLUM,
,KEW.PS-3/BAKERI/445,KACANG WALNUT,
,KEW.PS-3/BAKERI/446,BUAH OREN,
,KEW.PS-3/BAKERI/447,APRIKOT KERING,
,KEW.PS-3/BAKERI/448,SAYUR-KAILAN,
,KEW.PS-3/BAKERI/449,SAYUR-KANGKUNG,
,KEW.PS-3/BAKERI/450,BAKERI-KRIMWELL,
,KEW.PS-3/BAKERI/451,BAKERI-PEWARNA OREN,
,KEW.PS-3/BAKERI/452,TIN-LONGAN,
,KEW.PS-3/BAKERI/453,TIN-BUAH CAMPUR / COCKTAIL / MIXED FRUIT,
,KEW.PS-3/BAKERI/454,SUMI JELLY,
,KEW.PS-3/BAKERI/455,BAKERI-MILK CHOCOLATE CONVERTUE,
,KEW.PS-3/BAKERI/456,SERBUK DADIH,
,KEW.PS-3/BAKERI/457,TEPUNG KELADI / YAM FLOUR,
,KEW.PS-3/BAKERI/458,CHICKEN MEATLOAF,
,KEW.PS-3/BAKERI/459,BUAH KERAS,
,KEW.PS-3/BAKERI/460,SAYUR-LENGKUAS,
,KEW.PS-3/BAKERI/461,KERISIK,
,KEW.PS-3/BAKERI/462,BUAH TIN KERING,
,KEW.PS-3/BAKERI/463,BAKERI-PERISA KELADI,
,KEW.PS-3/BAKERI/464,CHICKEN PEPPERONI,
,KEW.PS-3/BAKERI/465,SNOW POWDER,
,KEW.PS-3/BAKERI/466,COOKING CREAM,
,KEW.PS-3/BAKERI/467,TEMPE,
,KEW.PS-3/BAKERI/468,SAYUR-KUNYIT HIDUP,
,KEW.PS-3/BAKERI/469,SAYUR-KOBIS,
,KEW.PS-3/BAKERI/470,SAYUR-UBI KAYU,
,KEW.PS-3/BAKERI/471,TELUR GRED B,
,KEW.PS-3/BAKERI/472,SUP CENDAWAN,
,KEW.PS-3/BAKERI/473,TIN- RAMBUTAN,
,KEW.PS-3/BAKERI/474,SAYUR-KACANG PANJANG,
,KEW.PS-3/BAKERI/475,BERAS WANGI ,
,KEW.PS-3/BAKERI/476,ISI UDANG,
,KEW.PS-3/BAKERI/477,SAYUR-CELERY,
,KEW.PS-3/BAKERI/478,GREEN PUMPKIN SEED,
,KEW.PS-3/BAKERI/479,BAKERI- VANILLA CREAM,
,KEW.PS-3/BAKERI/480,BAKERI- PUFF PASTRY,
,KEW.PS-3/BAKERI/481,MINUMAN - SPRITE,
,KEW.PS-3/BAKERI/482,SAYUR – TIMUN JEPUN,
,KEW.PS-3/BAKERI/483,MINUMAN – BLACKCURRANT/RIBENA,
,KEW.PS-3/BAKERI/484,BAKERI- RED VELVET EMULCO,
,KEW.PS-3/BAKERI/485,CHICKEN POP CORN,
,KEW.PS-3/BAKERI/486,BAKERI- CORN FLAKES,
,KEW.PS-3/BAKERI/487,HONEY MUSTARD,
,KEW.PS-3/BAKERI/488,TIN-CAMPBELL INSTANT MUSHROOM,
,KEW.PS-3/BAKERI/489,SAYUR- CENDAWAN BUTANG SEGAR,
,KEW.PS-3/BAKERI/490,BEBOLA IKAN / FISHBALL,
,KEW.PS-3/BAKERI/491,KETUPAT MINI,
,KEW.PS-3/BAKERI/492,POWDER – CHICKEN STOCK / STOK AYAM,
,KEW.PS-3/BAKERI/493,BERAS JATI,
,KEW.PS-3/BAKERI/494,BUDU,
,KEW.PS-3/BAKERI/495,KEROPOK IKAN,
,KEW.PS-3/BAKERI/496,BIHUN,
,KEW.PS-3/BAKERI/497,TELUR MASIN,
,KEW.PS-3/BAKERI/498,PERENCAH TOMYAM,
,KEW.PS-3/BAKERI/499,SEAWEED/RUMPAI LAUT,
,KEW.PS-3/BAKERI/500,GOCHUGARU,
,KEW.PS-3/BAKERI/501,KICAP CAIR,
,KEW.PS-3/BAKERI/502,BAKERI- CALLEBOUT 811 @ 2.5 LG,
,KEW.PS-3/BAKERI/503,BAKERI- CALLEBOUT WHITE CHOCOLATE 2.5KG,
,KEW.PS-3/BAKERI/504,TEPUNG CHA CHA/ BUBUR CHA CHA,1
,KEW.PS-3/BAKERI/505,COKLAT- DARK CHOCOLATE COIN,1
,KEW.PS-3/BAKERI/506,COKLAT- WHITE CHOCOLATE COIN,1
,KEW.PS-3/BAKERI/507,BAKERI-DOUBLE CREAM,1
,KEW.PS-3/BAKERI/508,BAKERI-MOLASES,1
,KEW.PS-3/BAKERI/509,BAKERI-DARK CHOCOLATE CONVERTUE,1
,KEW.PS-3/BAKERI/510,SERBUK ASAM BUAH,1
,KEW.PS-3/BAKERI/511,BAKERI – CHOCOLATE SYRUP,1
,KEW.PS-3/BAKERI/512,BAKERI – CARAMEL SYRUP,1
,KEW.PS-3/BAKERI/513,CERI KERING,1
,KEW.PS-3/BAKERI/514,COCOA BUTTER,1
,KEW.PS-3/BAKERI/515,BAKERI - BUAH PRUNE,1
,KEW.PS-3/BAKERI/516,KACANG VANILLA,
,KEW.PS-3/BAKERI/517,TOMATO CUBES/ CHOPPED,
,KEW.PS-3/BAKERI/518,TEPUNG KANJI,
,KEW.PS-3/BAKERI/519,BAKERI – CHOCOLATE GOURMET,1
,KEW.PS-3/BAKERI/520,SEA SALT FLAKES / GARAM LAUT,1
,KEW.PS-3/BAKERI/521,BISKUT BISCOFF,1
,KEW.PS-3/BAKERI/522,BISCOFF SPREAD,1


,,,,
,,,,
,,,,
,,,,
,,,,
,,,,
,,,,
,,,,
,,,,
,,,,
,,,,
,,,,
,,,,
,,,,
,,,,
,,,,
,,,,
,,,,
,,,,
,,,,
,,,,
,,,,
,,,,
,,,,
,,,,
,,,,
,,,,
,,,,
,,,,
,,,,
,,,,
,,,,
,,,,
,,,,
,,,,
,,,,
,,,,
,,,,
,,,,
,,,,
,,,,
,,,,
,,,,
,,,,
,,,,
,,,,
,,,,
,,,,
,,,,
,,,,
,,,,
,,,,
,,,,
,,,,
,,,,
,,,,
,,,,
,,,,
,,,,
,,,,
,,,,
,,,,
,,,,
,,,,
,,,,
,,,,
,,,,
,,,,
,,,,
,,,,
,,,,
,,,,
,,,,
,,,,
,,,,
,,,,
,,,,
,,,,
,,,,
,,,,
,,,,
,,,,
,,,,
,,,,
,,,,
,,,,
,,,,
,,,,
,,,,
,,,,
,,,,
,,,,
,,,,
,,,,
,,,,
,,,,
,,,,
,,,,
,,,,
,,,,
,,,,
,,,,
,,,,
,,,,
,,,,
,,,,
,,,,
,,,,
,,,,
,,,,
,,,,
,,,,
,,,,
,,,,
,,,,
,,,,
,,,,
,,,,
,,,,
,,,,
,,,,
,,,,
,,,,
,,,,
,,,,
,,,,
,,,,
,,,,
,,,,
,,,,
,,,,
,,,,
,,,,
,,,,
,,,,
,,,,
,,,,
,,,,
,,,,
,,,,
,,,,
,,,,
,,,,
,,,,
,,,,
,,,,
,,,,
,,,,
,,,,
,,,,
,,,,
,,,,
,,,,
,,,,
,,,,
,,,,
,,,,
,,,,
,,,,
,,,,
,,,,
,,,,
,,,,
,,,,
,,,,
,,,,
,,,,
,,,,
,,,,
,,,,
,,,,
,,,,
,,,,
,,,,
,,,,
,,,,
,,,,
,,,,
,,,,
,,,,
,,,,
,,,,
,,,,
,,,,
,,,,
,,,,
,,,,
,,,,
,,,,
,,,,
,,,,
,,,,
,,,,
,,,,
,,,,
,,,,
,,,,
,,,,
,,,,
,,,,
,,,,
,,,,
,,,,
,,,,
,,,,
,,,,
,,,,
,,,,
,,,,
,,,,
,,,,
,,,,
,,,,
,,,,
,,,,
,,,,
,,,,
,,,,
,,,,
,,,,
,,,,
,,,,
,,,,
,,,,
,,,,
,,,,
,,,,
,,,,
,,,,
,,,,
,,,,
,,,,
,,,,
,,,,
,,,,
,,,,
,,,,
,,,,
,,,,
,,,,
,,,,
,,,,
,,,,
,,,,
,,,,
,,,,
,,,,
,,,,
,,,,
,,,,
,,,,
,,,,
,,,,
,,,,
,,,,
,,,,
,,,,
,,,,
,,,,
,,,,
,,,,
,,,,
,,,,
,,,,
,,,,
,,,,
,,,,
,,,,
,,,,
,,,,
,,,,
,,,,
,,,,
,,,,
,,,,
,,,,
,,,,
,,,,
,,,,
,,,,
,,,,
,,,,
,,,,
,,,,
,,,,
,,,,
,,,,
,,,,
,,,,
,,,,
,,,,
,,,,
,,,,
,,,,
,,,,
,,,,
,,,,
,,,,
,,,,
,,,,
,,,,
,,,,
,,,,
,,,,
,,,,
,,,,
,,,,
,,,,
,,,,
,,,,
,,,,
,,,,
,,,,
,,,,
,,,,
,,,,
,,,,
,,,,
,,,,
,,,,
,,,,
,,,,
,,,,
,,,,
,,,,
,,,,
,,,,
,,,,
,,,,
,,,,
,,,,
,,,,
,,,,
,,,,
,,,,
,,,,
,,,,
,,,,
,,,,
,,,,
,,,,
,,,,
,,,,
,,,,
,,,,
,,,,
,,,,
,,,,
,,,,
,,,,
,,,,
,,,,
,,,,
,,,,
,,,,
,,,,
,,,,
,,,,
,,,,
,,,,
,,,,
,,,,
,,,,
,,,,
,,,,
,,,,
,,,,
,,,,
,,,,
,,,,
,,,,
,,,,
,,,,
,,,,
,,,,
,,,,
,,,,
,,,,
,,,,
,,,,
,,,,
,,,,
,,,,
,,,,
,,,,
,,,,
,,,,
,,,,
,,,,
,,,,
,,,,
,,,,
,,,,
,,,,
,,,,
,,,,
,,,,
,,,,
,,,,
,,,,
,,,,
,,,,
,,,,
,,,,
,,,,
,,,,
,,,,
,,,,
,,,,
,,,,
,,,,
,,,,
,,,,
,,,,
,,,,
,,,,
,,,,
,,,,
,,,,
,,,,
,,,,
,,,,
,,,,
,,,,
,,,,
,,,,
,,,,
,,,,
,,,,
,,,,
,,,,
,,,,
,,,,
,,,,
,,,,
,,,,
,,,,
,,,,
,,,,
,,,,
,,,,
,,,,
,,,,
,,,,
,,,,
,,,,
,,,,
,,,,
,,,,
,,,,
,,,,
,,,,
,,,,
,,,,
,,,,
,,,,
,,,,
,,,,
,,,,
,,,,
,,,,
,,,,
,,,,
,,,,
,,,,
,,,,
,,,,
,,,,
,,,,
,,,,
,,,,
,,,,
,,,,
,,,,
,,,,
,,,,
,,,,
,,,,
,,,,
,,,,
,,,,
,,,,
,,,,
,,,,
,,,,
,,,,
,,,,
,,,,
,,,,
,,,,
,,,,
,,,,
,,,,
,,,,
,,,,
,,,,
,,,,
,,,,
,,,,
,,,,
,,,,
,,,,
,,,,
,,,,
,,,,
,,,,
,,,,
,,,,
,,,,
,,,,
,,,,
,,,,
,,,,
,,,,
,,,,
,,,,
,,,,
,,,,
,,,,
,,,,
,,,,
,,,,
